event_id,state,AHP (primary),Entropy,Equal (1/3×3),SOV-heavy,Time-heavy,AHP γ=0.1,AHP γ=0.5,max_rank_shift
E01,Kerala,3,3,8,3,31,3,3,28
E02,Bihar,66,65,69,66,74,66,66,9
E03,Assam,125,121,107,125,95,125,125,30
E04,Telangana,139,139,135,139,135,139,139,4
E05,Maharashtra,78,85,98,78,104,78,78,26
E06,Uttarakhand,80,90,102,80,110,80,80,30
E07,Uttar Pradesh,96,97,91,96,89,96,96,8
E08,Assam,87,87,87,87,86,87,87,1
E09,Karnataka,120,126,127,120,132,120,120,12
E10,Odisha,149,148,140,149,133,149,149,16
E100,Manipur,72,69,62,72,60,72,72,12
E101,Manipur,145,146,149,145,154,145,145,9
E102,Meghalaya,82,73,64,82,58,82,82,24
E103,Meghalaya,117,105,89,117,79,117,117,38
E104,Meghalaya,160,162,160,160,160,160,160,2
E105,Meghalaya,159,160,159,159,159,159,159,1
E106,Mizoram,161,163,161,161,161,161,161,2
E107,Nagaland,150,150,147,150,145,150,150,5
E108,Nagaland,155,156,152,155,150,155,155,6
E109,Nagaland,127,127,111,127,102,127,127,25
E11,Himachal Pradesh,69,71,84,69,91,69,69,22
E110,Nagaland,47,39,20,47,10,47,47,37
E111,Nagaland,156,157,156,156,156,156,156,1
E112,Odisha,81,77,73,81,67,81,81,14
E113,Odisha,93,88,77,93,71,93,93,22
E114,Odisha,61,58,53,61,50,61,61,11
E115,Odisha,63,59,55,63,52,63,63,11
E116,Punjab,84,92,100,84,102,84,84,18
E117,Punjab,134,137,140,134,143,134,134,9
E118,Punjab,26,26,29,26,27,26,26,3
E119,Punjab,23,23,30,23,28,23,23,7
E12,Delhi,30,41,58,30,69,30,30,39
E120,Punjab,22,30,44,22,56,22,22,34
E121,Rajasthan,59,62,60,59,61,59,59,3
E122,Rajasthan,36,33,32,36,25,36,36,11
E123,Rajasthan,139,140,140,139,140,139,139,1
E124,Rajasthan,40,42,40,40,38,40,40,4
E126,Sikkim,167,167,167,167,167,167,167,0
E127,Sikkim,164,166,164,164,164,164,164,2
E128,Tamil Nadu,111,115,120,111,120,111,111,9
E129,Tamil Nadu,29,31,45,29,54,29,29,25
E13,Andhra Pradesh,10,12,17,10,19,10,10,9
E130,Tamil Nadu,71,75,86,71,92,71,71,21
E131,Tamil Nadu,103,104,108,103,109,103,103,6
E132,Tamil Nadu,123,125,125,123,126,123,123,3
E133,Tamil Nadu,102,106,115,102,119,102,102,17
E134,Tamil Nadu,95,101,110,95,117,95,95,22
E135,Telangana,135,135,134,135,134,135,135,1
E136,Tripura,152,152,150,152,147,152,152,5
E137,Tripura,122,108,90,122,85,122,122,37
E138,Tripura,119,119,116,119,111,119,119,8
E139,Tripura,148,151,155,148,155,148,148,7
E14,Andhra Pradesh,112,114,117,112,114,112,112,5
E140,Uttar Pradesh,91,96,105,91,108,91,91,17
E141,Uttar Pradesh,97,100,106,97,106,97,97,9
E142,Uttar Pradesh,126,128,132,126,135,126,126,9
E143,Uttar Pradesh,4,4,9,4,20,4,4,16
E144,Uttar Pradesh,8,13,19,8,30,8,8,22
E145,Uttar Pradesh,99,102,112,99,118,99,99,19
E146,Uttar Pradesh,19,21,28,19,29,19,19,10
E147,Uttar Pradesh,21,20,26,21,24,21,21,6
E148,Uttar Pradesh,14,15,16,14,13,14,14,3
E149,Uttar Pradesh,75,72,71,75,69,75,75,6
E15,Andhra Pradesh,89,84,79,89,78,89,89,11
E150,Uttar Pradesh,115,117,118,115,115,115,115,3
E151,Uttar Pradesh,77,81,93,77,99,77,77,22
E152,Uttarakhand,131,131,129,131,124,131,131,7
E153,Uttarakhand,154,155,152,154,150,154,154,5
E154,Uttarakhand,137,134,133,137,127,137,137,10
E155,Uttarakhand,58,56,52,58,48,58,58,10
E156,Uttarakhand,32,27,15,32,8,32,32,24
E157,Uttarakhand,114,109,96,114,88,114,114,26
E158,Uttarakhand,39,40,39,39,41,39,39,2
E159,Uttarakhand,153,153,151,153,148,153,153,5
E16,Andhra Pradesh,73,70,66,73,63,73,73,10
E160,Uttarakhand,166,161,166,166,166,166,166,5
E161,Uttarakhand,144,144,144,144,143,144,144,1
E162,West Bengal,110,112,113,110,112,110,110,3
E163,West Bengal,27,25,22,27,21,27,27,6
E164,West Bengal,100,98,92,100,90,100,100,10
E165,West Bengal,43,43,41,43,39,43,43,4
E166,West Bengal,48,47,46,48,44,48,48,4
E167,West Bengal,33,29,18,33,11,33,33,22
E168,West Bengal,116,121,123,116,123,116,116,7
E17,Andhra Pradesh,107,111,114,107,113,107,107,7
E18,Arunachal Pradesh,163,165,163,163,163,163,163,2
E19,Arunachal Pradesh,151,153,154,151,153,151,151,3
E20,Arunachal Pradesh,158,159,158,158,158,158,158,1
E21,Arunachal Pradesh,101,89,74,101,64,101,101,37
E22,Arunachal Pradesh,162,164,162,162,162,162,162,2
E23,Assam,109,107,101,109,94,109,109,15
E24,Assam,135,136,137,135,137,135,135,2
E25,Assam,57,61,63,57,62,57,57,6
E26,Assam,64,63,59,64,59,64,64,5
E27,Assam,68,64,57,68,57,68,68,11
E28,Assam,157,158,157,157,157,157,157,1
E29,Assam,24,16,7,24,6,24,24,18
E30,Assam,55,54,48,55,40,55,55,15
E31,Assam,54,52,51,54,49,54,54,5
E32,Assam,142,142,145,142,152,142,142,10
E33,Bihar,9,14,21,9,32,9,9,23
E34,Bihar,35,35,35,35,36,35,35,1
E35,Bihar,88,83,76,88,73,88,88,15
E36,Bihar,15,11,5,15,4,15,15,11
E37,Bihar,42,44,43,42,43,42,42,2
E38,Bihar,129,130,131,129,129,129,129,2
E39,Chhattisgarh,60,57,54,60,51,60,60,9
E40,Chhattisgarh,106,99,88,106,81,106,106,25
E41,Chhattisgarh,49,48,49,49,47,49,49,2
E42,Delhi,2,2,2,2,7,2,2,5
E43,Goa,143,143,143,143,142,143,143,1
E44,Goa,133,133,135,133,138,133,133,5
E45,Goa,85,79,75,85,72,85,85,13
E46,Goa,46,38,24,46,14,46,46,32
E47,Gujarat,118,124,126,118,130,118,118,12
E48,Gujarat,28,28,27,28,23,28,28,5
E49,Gujarat,104,103,104,104,100,104,104,4
E50,Gujarat,50,49,47,50,45,50,50,5
E51,Gujarat,97,94,82,97,77,97,97,20
E52,Gujarat,141,141,142,141,141,141,141,1
E53,Gujarat,13,9,4,13,3,13,13,10
E54,Gujarat,37,36,37,37,37,37,37,1
E55,Gujarat,107,113,124,107,130,107,107,23
E56,Haryana,131,132,129,131,124,131,131,8
E57,Haryana,146,145,147,146,149,146,146,4
E58,Haryana,65,66,72,65,80,65,65,15
E59,Himachal Pradesh,130,129,127,130,122,130,130,8
E60,Himachal Pradesh,121,123,119,121,116,121,121,7
E61,Himachal Pradesh,124,118,109,124,101,124,124,23
E62,Himachal Pradesh,53,51,50,53,46,53,53,7
E63,Himachal Pradesh,45,37,25,45,15,45,45,30
E64,Himachal Pradesh,25,17,6,25,5,25,25,20
E65,Himachal Pradesh,83,82,80,83,82,83,83,3
E66,Himachal Pradesh,165,146,165,165,165,165,165,19
E67,Jammu and Kashmir,70,74,81,70,87,70,70,17
E68,Jammu and Kashmir,76,80,99,76,107,76,76,31
E69,Jharkhand,147,149,146,147,146,147,147,3
E70,Jharkhand,56,50,36,56,22,56,56,34
E71,Jharkhand,128,120,103,128,93,128,128,35
E72,Karnataka,7,7,12,7,18,7,7,11
E73,Karnataka,31,32,33,31,34,31,31,3
E74,Karnataka,94,93,85,94,83,94,94,11
E75,Karnataka,20,18,14,20,9,20,20,11
E76,Karnataka,15,19,23,15,26,15,15,11
E77,Kerala,12,10,13,12,12,12,12,3
E78,Kerala,34,34,34,34,35,34,34,1
E79,Kerala,92,86,78,92,75,92,92,17
E80,Kerala,90,95,97,90,97,90,90,7
E81,Madhya Pradesh,18,22,31,18,33,18,18,15
E82,Madhya Pradesh,17,24,38,17,53,17,17,36
E83,Madhya Pradesh,51,55,56,51,55,51,51,5
E84,Madhya Pradesh,112,116,121,112,121,112,112,9
E85,Madhya Pradesh,44,45,42,44,42,44,44,3
E86,Madhya Pradesh,11,8,3,11,1,11,11,10
E87,Madhya Pradesh,86,91,95,86,96,86,86,10
E88,Madhya Pradesh,138,138,138,138,139,138,138,1
E89,Maharashtra,74,78,94,74,105,74,74,31
E90,Maharashtra,41,53,65,41,84,41,41,43
E91,Maharashtra,62,68,83,62,97,62,62,35
E92,Maharashtra,38,46,61,38,68,38,38,30
E93,Maharashtra,52,60,67,52,76,52,52,24
E94,Maharashtra,1,1,1,1,2,1,1,1
E95,Maharashtra,6,6,11,6,17,6,6,11
E96,Maharashtra,67,66,68,67,66,67,67,2
E97,Maharashtra,5,5,10,5,16,5,5,11
E98,Maharashtra,105,110,122,105,128,105,105,23
E99,Manipur,79,76,70,79,65,79,79,14
